ds_1,sample_1,ds_2,sample_2,JS,WD,pearson,corr_ratio,theils_u,if_disc_tr-ds1_tst-ds2_fpr,if_disc_tr-ds2_tst-ds1_fpr,ocsvm_disc_tr-ds1_tst-ds2_fpr,ocsvm_disc_tr-ds2_tst-ds1_fpr,if_task_tr-ds1_tst-ds2_f1-macro,if_task_tr-ds2_tst-ds1_f1-macro,if_task_tr-ds1_tst-ds2_f1-micro,if_task_tr-ds2_tst-ds1_f1-micro,if_task_tr-ds1_tst-ds2_f1-weighted,if_task_tr-ds2_tst-ds1_f1-weighted,ocsvm_task_tr-ds1_tst-ds2_f1-macro,ocsvm_task_tr-ds2_tst-ds1_f1-macro,ocsvm_task_tr-ds1_tst-ds2_f1-micro,ocsvm_task_tr-ds2_tst-ds1_f1-micro,ocsvm_task_tr-ds1_tst-ds2_f1-weighted,ocsvm_task_tr-ds2_tst-ds1_f1-weighted,xgb_task_tr-ds1_tst-ds2_f1-macro,xgb_task_tr-ds2_tst-ds1_f1-macro,xgb_task_tr-ds1_tst-ds2_f1-micro,xgb_task_tr-ds2_tst-ds1_f1-micro,xgb_task_tr-ds1_tst-ds2_f1-weighted,xgb_task_tr-ds2_tst-ds1_f1-weighted,model,error_flows,Data Dissimilarity Score,Domain Dissimilarity Score,Data Dissimilarity Score_std,Domain Dissimilarity Score_std
NF-CSE-CIC-IDS2018,step-10000,NF-CSE-CIC-IDS2018,0,0.2479381682152061,0.0205550139429608,0.1263857018171388,0.3678721293459815,0.1001895039446881,0.708,0.8962510024057739,0.5586,0.6731154771451484,0.1061851984268859,0.0252587058047808,0.1188,0.0252606255012028,0.9747703968537719,0.9734060082125474,0.1094967192733971,0.0127150822430859,0.1215,0.0128307939053728,0.9693258580389371,0.9977182526397892,0.0423861852433281,0.0584415584415584,0.0096531998569896,0.0017830609212481,0.9152276295133438,0.8831168831168832,04-gpt2,0.0024,0.45979399785924213,0.8165664326250388,0.29305743519916005,0.36120366945373983
NF-CSE-CIC-IDS2018,step-1000,NF-CSE-CIC-IDS2018,0,0.2680574321242935,0.0243313605744427,0.2350994573234444,0.2853225220403614,0.1032891743261942,0.6738999999999999,0.8919083969465649,0.5717,0.654351145038168,0.1061851984268859,0.0200551753384374,0.1188,0.0201526717557251,0.9747703968537719,0.9702697975378524,0.1061851984268859,0.0057824829354512,0.1188,0.0058015267175572,0.9747703968537719,0.9985245119710716,0.0,0.0222222222222222,0.0,0.0004050632911392,1.0,0.9555555555555556,04-gpt2,0.0175,0.46045351597487827,0.8416272369674319,0.27457050185825044,0.3637460565424689
NF-CSE-CIC-IDS2018,step-1500,NF-CSE-CIC-IDS2018,0,0.278523245131191,0.0283045942844529,0.316638506577681,0.2724127570709186,0.1103089326472646,0.6818,0.8898433552299141,0.5553,0.6503284487114704,0.1061851984268859,0.0199360740754563,0.1188,0.020010106114199,0.9747703968537719,0.9716440727740507,0.1061851984268859,0.0077678344615979,0.1188,0.0077817079332996,0.9747703968537719,0.9958996365306816,0.0,0.0,0.0,0.0,1.0,1.0,04-gpt2,0.0105,0.46939440567105495,0.846797786144611,0.2644456914839435,0.36898684688118394
NF-CSE-CIC-IDS2018,step-2000,NF-CSE-CIC-IDS2018,0,0.2770769073742553,0.0282084586178877,0.3027079199604512,0.2814515439847377,0.1127294460898269,0.6745,0.9001816713766654,0.5687,0.6780379491320145,0.1061851984268859,0.0191534027611959,0.1188,0.0191764230924505,0.9747703968537719,0.9761657965503627,0.1061851984268859,0.009867758909995,0.1188,0.0098909971740008,0.9747703968537719,0.994857354771175,0.006677796327212,0.0,0.0014301036825169,0.0,0.986644407345576,1.0,04-gpt2,0.0092,0.4744231797397439,0.8452011931963795,0.26942802144666633,0.36877994783344703
NF-CSE-CIC-IDS2018,step-2500,NF-CSE-CIC-IDS2018,0,0.2627813764255587,0.0246637764685773,0.2233774285210913,0.2295342335314129,0.0922428033575762,0.7349,0.9209732555801328,0.5529999999999999,0.6845968228433541,0.1061851984268859,0.0134534453661902,0.1188,0.0134727528654735,0.9747703968537719,0.9822216747943526,0.1067997609059044,0.0058224450257867,0.1193,0.0058314900462497,0.9737596836024512,0.9971491456969814,0.0074937552039966,0.0121951219512195,0.0016088666428316,0.0002001801621459,0.9850124895920067,0.975609756097561,04-gpt2,0.0054,0.46267574003239076,0.8419890209481606,0.3000826220816632,0.36899089109270683
NF-CSE-CIC-IDS2018,step-3000,NF-CSE-CIC-IDS2018,0,0.2571609470035215,0.0228121926417148,0.195902227803854,0.1894964865124718,0.1109380956707902,0.6845,0.9148658156598654,0.5550999999999999,0.6865011558950649,0.1061851984268859,0.0184814698088694,0.1188,0.0184943210372901,0.9747703968537719,0.9780219251249938,0.1061851984268859,0.00910691511679,0.1188,0.0091466479043119,0.9747703968537719,0.9970705873241203,0.0,0.0,0.0,0.0,1.0,1.0,04-gpt2,0.0051,0.4493080910681959,0.8471047580223796,0.29824321022264805,0.37147274638657407
NF-CSE-CIC-IDS2018,step-3500,NF-CSE-CIC-IDS2018,0,0.2522953669532577,0.0230270950079063,0.2041688190981586,0.2307705950540102,0.1050801844874471,0.696,0.8856481947098462,0.5654,0.6644875792014483,0.1065540080191062,0.016943892811016,0.1191,0.0169968822287036,0.9741638340588124,0.9759141499201088,0.1061851984268859,0.0080400820236774,0.1188,0.0080458614100372,0.9747703968537719,0.9943292255760684,0.0,0.0131578947368421,0.0,0.000200100050025,1.0,0.9736842105263158,04-gpt2,0.0057,0.450481342438021,0.8426516881335825,0.2868989070883012,0.36921806976528976
NF-CSE-CIC-IDS2018,step-4000,NF-CSE-CIC-IDS2018,0,0.2624693299241198,0.0233187561255089,0.2462417810618395,0.2568415208832895,0.1055096340037582,0.706,0.9072061191626409,0.538,0.6845813204508857,0.1061851984268859,0.021017952204674,0.1188,0.0210346215780998,0.9747703968537719,0.9750114843593282,0.1099858342706051,0.0106272285251215,0.1219,0.0106682769726248,0.9685220304838518,0.9956365080110764,0.0196560196560196,0.017094017094017,0.0042903110475509,0.0003991617603033,0.9606879606879607,0.9658119658119659,04-gpt2,0.0064,0.46335621318581677,0.8352629066011364,0.28500318248393286,0.3656633036783997
NF-CSE-CIC-IDS2018,step-4500,NF-CSE-CIC-IDS2018,0,0.2707566878692553,0.0266004277139479,0.2725180407156923,0.3141487417075607,0.1001987939692793,0.6906,0.9157376719895551,0.5583,0.6840413779250779,0.1061851984268859,0.0191297616660338,0.1188,0.0191824846841418,0.9747703968537719,0.9737641866193905,0.1079044612929297,0.0085258172319841,0.1202,0.008536707843728,0.971943227891656,0.9947212351603957,0.0232558139534883,0.0625,0.005184125849124,0.0011980830670926,0.9534883720930233,0.875,04-gpt2,0.0043,0.4757876642720526,0.8211410598026053,0.2778562386758501,0.3622644238464588
NF-CSE-CIC-IDS2018,step-5000,NF-CSE-CIC-IDS2018,0,0.2619968525060713,0.0254503288907868,0.2608843972550584,0.2792616647563734,0.1092579829275543,0.7091000000000001,0.9037051912842655,0.5502,0.6781805402148811,0.1061851984268859,0.0197703397455018,0.1188,0.0197811025203333,0.9747703968537719,0.9770370298658317,0.1087623322389051,0.0107044615023988,0.1209,0.0107440506074907,0.9705329368361485,0.995446931350685,0.0,0.0258620689655172,0.0,0.0005973715651135,1.0,0.9482758620689656,04-gpt2,0.0041,0.46907332861802553,0.8385947367107719,0.2799346532430248,0.36837106573860634
NF-CSE-CIC-IDS2018,step-5500,NF-CSE-CIC-IDS2018,0,0.2673131019118505,0.0265095310320852,0.2585160950557055,0.2860842065655096,0.1015497872778636,0.7058,0.9001705628574296,0.5651999999999999,0.6799438145881409,0.1061851984268859,0.0149763283239655,0.1188,0.0150496638908397,0.9747703968537719,0.9765807013548541,0.1093743810172221,0.0050139905712286,0.1214,0.0050165546302799,0.9695269263190069,0.9965726812204373,0.0008298755186721,0.0384615384615384,0.0001787629603146,0.0004,0.9983402489626557,0.9230769230769231,04-gpt2,0.0033,0.47057219603206246,0.8345954111125213,0.2800951823432307,0.36741107983635524
NF-CSE-CIC-IDS2018,step-6000,NF-CSE-CIC-IDS2018,0,0.2750293357731356,0.0254181963000487,0.2672810431241979,0.2709498330314348,0.1082768647632834,0.6746,0.9040545965475713,0.5547,0.6876756322761943,0.1061851984268859,0.0220738125186843,0.1188,0.0220794861501405,0.9747703968537719,0.9756170194786778,0.1098635912071956,0.0114762230289509,0.1218,0.0115415495784825,0.9687229205685732,0.9964016749441951,0.020358306188925,0.0296296296296296,0.0044690740078655,0.0007950705625124,0.9592833876221499,0.9407407407407408,04-gpt2,0.0036,0.46782091318947716,0.8313051628868725,0.2762908579320674,0.3653763110607333
NF-CSE-CIC-IDS2018,step-6500,NF-CSE-CIC-IDS2018,0,0.26588868101722,0.0254526107653677,0.2603480222583622,0.2961777260146356,0.0979751281706961,0.7101999999999999,0.9050772626931568,0.5408999999999999,0.6826209110977324,0.1064310955325165,0.0215697931133152,0.119,0.0215733493879189,0.9743659766935322,0.9766026560851134,0.1103524208447772,0.0111611108477473,0.1222,0.0112382099137066,0.9679196272309754,0.9973933809707337,0.0103780578206078,0.0606060606060606,0.0025026814444047,0.0015893513459819,0.9792438843587843,0.8787878787878788,04-gpt2,0.0034,0.46989846640647537,0.8253876291610025,0.2806764060461692,0.3644971142885441
NF-CSE-CIC-IDS2018,step-7000,NF-CSE-CIC-IDS2018,0,0.2479304498820775,0.0208620576529205,0.1161240040424715,0.2631769234139146,0.0882534986558359,0.6991,0.8967800180559736,0.552,0.6883338348881534,0.1061851984268859,0.0193322975053913,0.1188,0.0193600160497542,0.9747703968537719,0.9755282659766022,0.1101080535586029,0.0080927602760667,0.122,0.0081251880830574,0.9683211849095732,0.9974979074309172,0.0066006600660066,0.0352941176470588,0.0014301036825169,0.0005976095617529,0.9867986798679867,0.9294117647058824,04-gpt2,0.0031,0.4439623411173033,0.8336325999635334,0.3039377900937822,0.3668480629372092
NF-CSE-CIC-IDS2018,step-7500,NF-CSE-CIC-IDS2018,0,0.2688375799672218,0.0262641691973726,0.2634844593049894,0.2888128233362863,0.0973775996065922,0.7030000000000001,0.9038249171769903,0.5418000000000001,0.6927015359903625,0.1061851984268859,0.0207758253414761,0.1188,0.0207810460797108,0.9747703968537719,0.977004906931519,0.1115728338427198,0.0103800379370399,0.1232,0.0104407188033329,0.9659145042543988,0.9972260752648427,0.0302547770700636,0.0416666666666666,0.0067929924919556,0.0009947279419078,0.9394904458598727,0.9166666666666667,04-gpt2,0.0039,0.46997986442280537,0.8249961422615817,0.280824170636785,0.3630361395881007
NF-CSE-CIC-IDS2018,step-8000,NF-CSE-CIC-IDS2018,0,0.2632621299293661,0.0258509822364805,0.2531365112396934,0.2810045320389441,0.1006280162009861,0.6738999999999999,0.9022752330359828,0.5568,0.6763556179212188,0.1061851984268859,0.0235536939343672,0.1188,0.0235541746015836,0.9747703968537719,0.9757768739666248,0.1093743810172221,0.0127342531981894,0.1214,0.0128295078680966,0.9695269263190069,0.9967416424847233,0.0221586847748391,0.0422535211267605,0.0055416517697533,0.0011891784758695,0.9556826304503216,0.9154929577464789,04-gpt2,0.0023,0.4634202550457739,0.827184489688704,0.277780204169394,0.36460409419628825
NF-CSE-CIC-IDS2018,step-8500,NF-CSE-CIC-IDS2018,0,0.2583308153786269,0.0219181449478631,0.2346444193487133,0.2308731521495566,0.1041962079126228,0.6937,0.8999498746867168,0.5516,0.6798997493734336,0.1061851984268859,0.0247614244966782,0.1188,0.0247619047619047,0.9747703968537719,0.9745706637919364,0.1088847896913359,0.0127076126837746,0.121,0.0128320802005012,0.9703316454658295,0.998111059417417,0.0276532137518684,0.0584415584415584,0.006614229531641,0.0017830609212481,0.9446935724962631,0.8831168831168832,04-gpt2,0.0025,0.45664927735620875,0.8211563173060145,0.2867002595792431,0.3628586128303277
NF-CSE-CIC-IDS2018,step-9000,NF-CSE-CIC-IDS2018,0,0.2681763438379991,0.0258911400693651,0.2513587594075669,0.2813614259959057,0.1051802057723682,0.6844,0.9039020964991474,0.5577,0.6815126893369445,0.1061851984268859,0.0263815386081692,0.1188,0.0263817835289397,0.9747703968537719,0.9740936566706307,0.1080270860041865,0.0137831662614797,0.1203,0.0139432239943825,0.9717416235474604,0.9984429759975026,0.0397301349325337,0.0440251572327044,0.009474436896675,0.0013857270117786,0.9205397301349326,0.9119496855345912,04-gpt2,0.0031,0.46669894010624147,0.8220911526769843,0.27872026305509523,0.3624969260414381
NF-CSE-CIC-IDS2018,step-9500,NF-CSE-CIC-IDS2018,0,0.2452587487028633,0.0185232312970281,0.1472731557220269,0.3046935834054559,0.0972402971924615,0.6889000000000001,0.9069394304051344,0.5496,0.6877256317689531,0.1061851984268859,0.0221615719151713,0.1188,0.0221620537505014,0.9747703968537719,0.9771670249692541,0.1088847896913359,0.0115331686412127,0.121,0.0116325711993582,0.9703316454658295,0.9981625568802932,0.047945205479452,0.0503597122302158,0.0112620664998212,0.0013887511159607,0.904109589041096,0.8992805755395684,04-gpt2,0.0028,0.45345385589961185,0.8180888269642589,0.29551914150040187,0.36151232213496476
NF-ToN-IoT,step-10000,NF-ToN-IoT,0,0.1848934554595387,0.0097718496907188,0.092111225989965,0.121671906731416,0.0713000325502251,0.41279999999999994,0.3661841700030798,0.6653,0.48270198131608666,0.4883121559594032,0.4539562693561594,0.8122,0.8218868699312185,0.2618105706970595,0.25794799650171374,0.4693727066837549,0.4509638146770375,0.8111,0.8213735756082537,0.26925381962464223,0.2591804781375676,0.1112938596491228,0.0179899256416406,0.1123471138413858,0.0169090294217111,0.7774122807017544,0.9640201487167187,04-gpt2,0.0259,0.2996203465062889,0.40221789919706513,0.21530675065967605,0.33582607744045384
NF-ToN-IoT,step-1000,NF-ToN-IoT,0,0.2056941460272437,0.018399822526179,0.2382900145206021,0.2367601996062731,0.0883486222178036,0.41090000000000004,0.4229433470805296,0.6314,0.5689168656392447,0.4704541493034029,0.4375877433925411,0.8114,0.7780551334925113,0.2687375715869619,0.3190652198000592,0.4626069263097839,0.4375877433925411,0.8099,0.7780551334925113,0.2722251564977113,0.3190652198000592,0.317651632970451,0.031352057478772,0.4521556256572029,0.0292986632484892,0.36469673405909797,0.937295885042456,04-gpt2,0.0786,0.35040664938646204,0.36566939811233506,0.1892567301199919,0.26821574963848677
NF-ToN-IoT,step-1500,NF-ToN-IoT,0,0.2033866148887623,0.0161867694470842,0.2798740670159661,0.2361708414946029,0.0783901492243779,0.39,0.4944182052382997,0.6077,0.6122799484757406,0.5121448617081371,0.4418626454480545,0.8186999999999999,0.7824173465006441,0.25048470321737637,0.31244377470776585,0.4740776984005496,0.4387613711669377,0.8121,0.7817732932589094,0.2671246357372292,0.31397615581605676,0.3935348383709592,0.0309079201545396,0.5807737008135482,0.0289174046629315,0.2129303232580816,0.9381841596909208,04-gpt2,0.0684,0.3627774782922187,0.337649107489633,0.19621150661601436,0.27762662512693814
NF-ToN-IoT,step-2000,NF-ToN-IoT,0,0.2015775772808649,0.0170254069638478,0.2129577190243927,0.2234230352839698,0.0834045159883451,0.395,0.4491606971025339,0.6182000000000001,0.5846252539292206,0.4873273150042196,0.4417865894948365,0.8147,0.7866994547204105,0.2612131004000977,0.30689428387113193,0.4735179088299275,0.4402082834570265,0.8119000000000001,0.786378702020742,0.26740896211906784,0.3076591628725692,0.0514629351220076,0.0275932549821154,0.0492556311915435,0.0258558774239885,0.8970741297559848,0.9448134900357691,04-gpt2,0.0647,0.34604359982616595,0.43568044700780295,0.19516203935831458,0.341920202852227
NF-ToN-IoT,step-2500,NF-ToN-IoT,0,0.1896977974402748,0.0078500443427734,0.1572761006138196,0.1867459378595904,0.0794065499366462,0.41100000000000003,0.4045809584124974,0.6441,0.5316656111462952,0.4714919266744982,0.4452869899450852,0.8115999999999999,0.8010344099641123,0.26827579283785163,0.2873514983970141,0.4745492665991327,0.4447309811276521,0.8121,0.800928857926958,0.26694962278146317,0.28760424640138815,0.3849200528091536,0.02061337355455,0.5808843876252145,0.0192240065642949,0.23015989438169282,0.9587732528909,04-gpt2,0.0526,0.32555911942614046,0.33595918681290143,0.20146975445149706,0.2867715552252788
NF-ToN-IoT,step-3000,NF-ToN-IoT,0,0.1922232095467915,0.0062909868639087,0.177185192665091,0.1336645542235614,0.080480958871351,0.41900000000000004,0.39059218815623686,0.6535,0.522889542209156,0.4641854557461226,0.4487045300163198,0.8102000000000001,0.8085888282234355,0.2715241917613064,0.2766703109099722,0.470411984955659,0.4469864127279062,0.8113,0.8082738345233096,0.26879147555260907,0.2774251564091933,0.1936577582768249,0.0158808933002481,0.2149537882561293,0.0148647079317152,0.6126844834463502,0.9682382133995038,04-gpt2,0.0476,0.3211919557090235,0.3889905473541336,0.2056253715889826,0.30425405366129216
NF-ToN-IoT,step-3500,NF-ToN-IoT,0,0.1831146116494079,0.0106987672528083,0.122213704678796,0.1830021788478949,0.0774744725883959,0.41290000000000004,0.38707633829585053,0.6432,0.5258156477668673,0.4704541493034029,0.44193035177656,0.8114,0.7918910357934749,0.2687375715869619,0.30007863196617046,0.4667657682767863,0.44193035177656,0.8106,0.7918910357934749,0.2704129970635517,0.30007863196617046,0.3885004462957452,0.0197094125078964,0.5781172173335547,0.0183843026339048,0.22299910740850948,0.9605811749842073,04-gpt2,0.0529,0.3168496192284016,0.33939830213936734,0.20539600407863898,0.287037220368765
NF-ToN-IoT,step-4000,NF-ToN-IoT,0,0.1828790883505287,0.0067610842392061,0.115353809070516,0.1532159734731949,0.0744650215164736,0.39270000000000005,0.39831312598840274,0.6443,0.5246178176067475,0.5381466346271795,0.4472373772461552,0.8221,0.8006325777543488,0.23957230981123756,0.28748323503059225,0.4708884775072505,0.444476982546562,0.8113,0.800105429625725,0.2686145863176471,0.2887431058416744,0.1869036858491513,0.0248191568969817,0.2059881565111516,0.023310296357034,0.6261926283016973,0.9503616862060364,04-gpt2,0.0515,0.310730604500733,0.38749536450126926,0.20926959661702882,0.3006814673880015
NF-ToN-IoT,step-4500,NF-ToN-IoT,0,0.1891689725996929,0.0117295837493783,0.1662082769412515,0.1672457187703802,0.0756063206639707,0.45589999999999997,0.37443922796035467,0.655,0.5124673969744392,0.499052093417028,0.445024053787747,0.8167,0.800208659363589,0.2561001292871937,0.28849485128817653,0.4657594218541497,0.4444766430972528,0.8105,0.8001043296817945,0.2708249589924544,0.2887446268309166,0.3982590581057957,0.0187135952410459,0.5925065028501854,0.017503187666628,0.2034818837884086,0.9625728095179081,04-gpt2,0.0415,0.3245044892387612,0.330245608529294,0.20506779638451184,0.29205438430789643
NF-ToN-IoT,step-5000,NF-ToN-IoT,0,0.1848146893926142,0.0079101547423998,0.1112296250809154,0.1403888424866787,0.0756032002484124,0.43789999999999996,0.3816283924843423,0.6504,0.5146137787056368,0.4921586627461632,0.4497708457979923,0.8079,0.8037578288100209,0.26205562665598636,0.282850126429778,0.4730014911649624,0.4453450671607226,0.8117999999999999,0.8029227557411274,0.26763891202417955,0.2848446228391903,0.2160007683442182,0.0142678347934918,0.248934639437711,0.0132005558128763,0.5679984633115636,0.9714643304130163,04-gpt2,0.042,0.312072316049825,0.3826931545248163,0.21316809849765547,0.3012184251284864
NF-ToN-IoT,step-5500,NF-ToN-IoT,0,0.1840760026341056,0.0120401366043201,0.1478374163063276,0.1615737176341548,0.0744886157924411,0.43400000000000005,0.3845270411359365,0.6493,0.5178534140739194,0.5037133082984269,0.442098225887067,0.8173,0.7848193777406557,0.25414364054240146,0.3092725756322291,0.4734742952501002,0.4395552954944411,0.8117999999999999,0.7842973480893715,0.26746343232538816,0.3105158948101395,0.2191820276497696,0.0190849342770475,0.2526979910343682,0.0176711527208894,0.5616359447004609,0.961830131445905,04-gpt2,0.0422,0.31920702594711065,0.38672308849378917,0.20640777499179863,0.2954220344255987
NF-ToN-IoT,step-6000,NF-ToN-IoT,0,0.1851112816633057,0.0071421027315817,0.155056266671961,0.1629460803512392,0.0747209979200754,0.48109999999999997,0.347209278243761,0.6754,0.47965206585896236,0.4970287479540454,0.4529947201880949,0.8162,0.8187843015429223,0.2570419092066287,0.2622758184230075,0.4694143807363247,0.4500256278831369,0.8112,0.8182665424044734,0.26920010580236964,0.26351817095732677,0.1916137985725614,0.0203982515784361,0.2139576069511317,0.0191354860755168,0.6167724028548771,0.9592034968431278,04-gpt2,0.0343,0.3201494963386631,0.38033027201247677,0.21000695301394495,0.3071014750921428
NF-ToN-IoT,step-6500,NF-ToN-IoT,0,0.1920487343934787,0.0157930286113153,0.1680715937826217,0.2669262817992199,0.0706833847727787,0.4505,0.3383598430076431,0.6704,0.48182193761619496,0.4868237144795651,0.4563997556021599,0.8146,0.8314397851683536,0.2614381923617226,0.24466881073465907,0.4714492740334749,0.4538583032490975,0.8115,0.8310266473869037,0.26832988617316633,0.24566331172438782,0.0508018260564204,0.0150483697599426,0.0480380762632132,0.0142148014440433,0.898396347887159,0.9699032604801147,04-gpt2,0.0318,0.3298514719214921,0.4171714013373157,0.19639129400075714,0.3631298830637922
NF-ToN-IoT,step-7000,NF-ToN-IoT,0,0.1930492024248478,0.0126425614589965,0.1511151111722658,0.1393752556077798,0.0721110499004444,0.4333,0.4153989444271965,0.6219,0.5524164338197247,0.4748869276979009,0.4422731462766472,0.8117999999999999,0.7825726999896513,0.2669392348750974,0.31215032098955153,0.4745492665991327,0.4387849924497619,0.8121,0.7818482872813826,0.26694962278146317,0.31387341033675864,0.3315401804187702,0.0302424393901524,0.4434113675355581,0.0281101173190846,0.3369196391624596,0.939515121219695,04-gpt2,0.0337,0.3223332496690324,0.3528639070521465,0.2090003914633025,0.27815512302258444
NF-ToN-IoT,step-7500,NF-ToN-IoT,0,0.188778906856278,0.0117734494898157,0.1227546962531921,0.2525774101961349,0.072750709672922,0.41679999999999995,0.35516814524448115,0.6633,0.4884464617289045,0.5340982061441282,0.4571013117388035,0.8122,0.8356715494120074,0.2449609692781679,0.23882658383239208,0.4735615320882728,0.455148381294964,0.8119999999999999,0.8353620796368888,0.267354492351465,0.2395726033161505,0.3095501318139297,0.0158145065398335,0.4028999944656595,0.0149505395683453,0.3808997363721405,0.968370986920333,04-gpt2,0.0306,0.3200720412439891,0.33865505315294986,0.19951326476076914,0.2963303597760929
NF-ToN-IoT,step-8000,NF-ToN-IoT,0,0.1898257731488924,0.0101651423082242,0.1501034040305021,0.2420120568670722,0.0732121732047457,0.49229999999999996,0.3721719457013575,0.6607000000000001,0.49845742492801315,0.5103540086353188,0.4544276024491153,0.8191999999999999,0.8251748251748252,0.250953383080066,0.2534517065908569,0.4662830667792037,0.4519837691614067,0.8106,0.8247634718222954,0.2705922648805016,0.25444059467822266,0.3442899622277585,0.0172269410216533,0.4741823011788145,0.0162308385933273,0.3114200755444829,0.9655461179566934,04-gpt2,0.0276,0.3348478472350729,0.33342916324726046,0.20401876989168352,0.29353422262532114
NF-ToN-IoT,step-8500,NF-ToN-IoT,0,0.1851886136550807,0.009330232157166,0.105559676346559,0.1335105327246065,0.0732295365851768,0.43400000000000005,0.34376924656128105,0.6816,0.46427838226236917,0.4897360263797096,0.4555043360990576,0.815,0.8305276123999179,0.26020507205699606,0.24605413517864994,0.4724845799790838,0.4536174985978687,0.8116999999999999,0.8302196674194211,0.26786904914070875,0.24679566235689543,0.352253622608278,0.0155878153260352,0.4870219713321158,0.0146943353897924,0.29549275478344394,0.9688243693479296,04-gpt2,0.0258,0.30264199851688417,0.330148720409232,0.21466057335174285,0.29567049989962796
NF-ToN-IoT,step-9000,NF-ToN-IoT,0,0.188134049674205,0.0123705464501997,0.2005907617570133,0.2716405491010453,0.0671715335520926,0.4516,0.36264639408259713,0.6684,0.4806862543661393,0.4730448725122976,0.4511390892862343,0.8119000000000001,0.813026505033902,0.2675845360773623,0.2703028341185215,0.468852319698969,0.4482797710139999,0.811,0.8125128415861927,0.2694852754059739,0.2715338588556143,0.1594098225340487,0.0173598553345388,0.1710111240245724,0.0163237544635266,0.6811803549319027,0.9652802893309222,04-gpt2,0.0266,0.33635869281663655,0.3931381641028996,0.19350419618774592,0.3176987610516314
NF-ToN-IoT,step-9500,NF-ToN-IoT,0,0.1882386182064502,0.0108642116401809,0.1547685140092756,0.1518149385729297,0.0702176749835787,0.47,0.3351755193941255,0.6813,0.4613652645583871,0.4781893611484341,0.4575231408944633,0.8129,0.8331798178282673,0.26529248411677864,0.24212707965077596,0.4729581192593055,0.4543474618864131,0.8116999999999999,0.8326680994780473,0.26769328850090623,0.2433587248167317,0.1625025810448069,0.0131298793470546,0.1742210415628978,0.0123973864969006,0.6749948379103863,0.9737402413058908,04-gpt2,0.0229,0.3141100662155933,0.3843009509002099,0.20986884486859603,0.32413750764822113
NF-UNSW-NB15,step-10000,NF-UNSW-NB15,0,0.1605130384442937,0.0048930139071527,0.1070609983640849,0.1366421409448235,0.0646490718737967,0.5827,0.5979381443298969,0.5419,0.48814432989690726,0.0417198892835319,0.070125593798176,0.0435,0.0750515463917525,0.9960052413063031,0.9875485197124519,0.0415029234160835,0.0688297974464817,0.0433,0.0739175257731958,0.9964058468321672,0.9898245433465717,0.3651282051282051,0.3207831325301205,0.0682449918527748,0.0817893827397523,0.2697435897435898,0.35843373493975894,04-gpt2,0.03,0.3349434654817254,0.6611373536972632,0.23651936820763794,0.42471047021909364
NF-UNSW-NB15,step-1000,NF-UNSW-NB15,0,0.1668149741929597,0.0039910315781156,0.1432677256503877,0.1298650462650648,0.0684200979101289,0.5933999999999999,0.571061368747992,0.5873999999999999,0.4544286173289065,0.0415029234160835,0.0672090594991278,0.0433,0.0717575238299239,0.9964058468321672,0.9887049613771473,0.0415029234160835,0.0661132226445289,0.0433,0.0707936167934026,0.9964058468321672,0.9906392117022527,0.3965014577259475,0.2819644369178662,0.0782133614492475,0.0666133226645329,0.20699708454810495,0.4360711261642676,04-gpt2,0.0663,0.3393322287619299,0.668789153922301,0.23253479007880987,0.41852952004076943
NF-UNSW-NB15,step-1500,NF-UNSW-NB15,0,0.1619567523966645,0.0034517728326709,0.2016756264928373,0.1180947616757092,0.0690807397252347,0.5496,0.5528933575783506,0.6036,0.43929832067600816,0.0415029234160835,0.0647848806408482,0.0433,0.0689913359717616,0.9964058468321672,0.9894025830079357,0.0415029234160835,0.0636955433149724,0.0433,0.0680286661675045,0.9964058468321672,0.9913337542949359,0.383282364933741,0.2815884476534296,0.0720789801591105,0.0624937406109163,0.23343527013251786,0.4368231046931408,04-gpt2,0.0651,0.3370249448181005,0.6727009151132665,0.22103725001852192,0.4141594134802721
NF-UNSW-NB15,step-2000,NF-UNSW-NB15,0,0.1569925534571123,0.0035159868962612,0.1197211212596933,0.0796026538833019,0.0712286848372229,0.5616,0.5672882258923815,0.5802,0.45775173148641446,0.041611416890658,0.0635344953893082,0.0434,0.0676611614278103,0.9962055232036237,0.9902976312477805,0.0415029234160835,0.0628120631116437,0.0433,0.0670218433670751,0.9964058468321672,0.9915804394891372,0.3872549019607843,0.2943800178412132,0.0757212690501294,0.0659077291791492,0.22549019607843135,0.4112399643175736,04-gpt2,0.0615,0.3242981213520158,0.6675313715955304,0.23676839906810973,0.41907252451596533
NF-UNSW-NB15,step-2500,NF-UNSW-NB15,0,0.1616231769068274,0.0036862325682374,0.1064407503804842,0.1713287450138932,0.0735179797398586,0.5429999999999999,0.568852288126759,0.5675,0.46784113416032524,0.0419367708524445,0.0630604481301258,0.0437,0.0669237986031481,0.9956048026528505,0.9892139450397459,0.0415029234160835,0.0615339463901389,0.0433,0.0655686438027728,0.9964058468321672,0.9919306051747322,0.3805668016194332,0.2919964819700967,0.0720789801591105,0.0649579338681275,0.23886639676113364,0.4160070360598065,04-gpt2,0.0407,0.33251300929101846,0.6669612332172051,0.22266708288557457,0.4211964273472977
NF-UNSW-NB15,step-3000,NF-UNSW-NB15,0,0.1544631325849694,0.0036027276335033,0.096728356588482,0.1486439232408588,0.0682870972662473,0.5938,0.5774884502309954,0.5633,0.47637547249055023,0.0415029234160835,0.059630449871277,0.0433,0.0629987400251994,0.9964058468321672,0.9897356833670888,0.0415029234160835,0.0578692254426748,0.0433,0.0614237715245695,0.9964058468321672,0.9928909078362107,0.3974732750242954,0.2694965449160908,0.0784050608645643,0.0540112770798298,0.20505344995140917,0.46100691016781836,04-gpt2,0.0476,0.3348858040502629,0.6698712349981231,0.23698016637064734,0.4216645683499838
NF-UNSW-NB15,step-3500,NF-UNSW-NB15,0,0.1541326664565568,0.0027421519396677,0.0888503576096961,0.1251469225918617,0.0585621931876855,0.5882000000000001,0.5734126984126985,0.5740000000000001,0.4563492063492064,0.041611416890658,0.0510766854917402,0.0434,0.0535714285714285,0.9962055232036237,0.9924771590685204,0.0415029234160835,0.049811470529867,0.0433,0.052422723475355,0.9964058468321672,0.994777494109024,0.3498419388830347,0.2696871628910464,0.063644205885172,0.0496130184560428,0.30031612223393056,0.46062567421790723,04-gpt2,0.0424,0.32733175557596317,0.6833154028093105,0.24085736229160631,0.40734244339140085
NF-UNSW-NB15,step-4000,NF-UNSW-NB15,0,0.1418993593884384,0.001956725940853,0.1168387701142689,0.091019505871641,0.0657066571487374,0.5701,0.559763436397593,0.5929,0.44521684996887323,0.0417198892835319,0.0476897818812569,0.0435,0.0498028636646607,0.9960052413063031,0.992821812486027,0.0415029234160835,0.0462147451756556,0.0433,0.0484540361070761,0.9964058468321672,0.995521418137159,0.3569868995633188,0.3034482758620689,0.0626857088085881,0.0522513607125185,0.2860262008733624,0.3931034482758621,04-gpt2,0.0362,0.32293057236119405,0.6708691382729829,0.23910935135535943,0.4180915054250075
NF-UNSW-NB15,step-4500,NF-UNSW-NB15,0,0.1609300812621668,0.0031867686971757,0.1817357020341072,0.1492864179284704,0.0615623771661102,0.5766,0.5817882159044088,0.5613,0.4698187062216729,0.041611416890658,0.0513135849672091,0.0434,0.053770086526576,0.9962055232036237,0.9919089080571164,0.0415029234160835,0.0497259201252936,0.0433,0.0523279769262464,0.9964058468321672,0.9947958863980946,0.3602209944751381,0.2774813233724653,0.0624940093932713,0.0509005481597494,0.27955801104972366,0.4450373532550693,04-gpt2,0.0292,0.342877687564617,0.6761587898279707,0.22399433766851665,0.4154276506291116
NF-UNSW-NB15,step-5000,NF-UNSW-NB15,0,0.1565022306935444,0.0038852768293425,0.1033158044793115,0.136900363029444,0.0602197728833586,0.6107,0.588053553038105,0.5606,0.474356333676622,0.0415029234160835,0.064771382602658,0.0433,0.0688980432543769,0.9964058468321672,0.988945583028089,0.0415029234160835,0.0633741680331822,0.0433,0.0676622039134912,0.9964058468321672,0.991423928239382,0.3820224719101123,0.3056731583403895,0.0716955813284769,0.0696440628918684,0.2359550561797753,0.3886536833192209,04-gpt2,0.029,0.3363310072250482,0.6609699920615429,0.24220257910704251,0.4273917321249469
NF-UNSW-NB15,step-5500,NF-UNSW-NB15,0,0.1473125530854231,0.0031729818902572,0.0839588786864129,0.1329597318012904,0.0640278344806112,0.5598000000000001,0.5774443869632696,0.5678000000000001,0.4660113812726332,0.041611416890658,0.056911727772688,0.0434,0.0600103466114847,0.9962055232036237,0.9908036464399019,0.0415029234160835,0.0554143862392494,0.0433,0.0586652871184687,0.9964058468321672,0.9934981982415615,0.3810020876826722,0.3029439696106362,0.0699702865906259,0.0623534010946051,0.23799582463465563,0.3941120607787275,04-gpt2,0.0335,0.32491434578620504,0.6632173000186625,0.2367502560582009,0.42584599357378056
NF-UNSW-NB15,step-6000,NF-UNSW-NB15,0,0.1497643171649947,0.0041041632438729,0.1300960449954913,0.0750354881441301,0.0628703146939811,0.6166,0.5766807807497677,0.5678000000000001,0.4665909325622225,0.0415029234160835,0.0663014129060469,0.0433,0.070639264690695,0.9964058468321672,0.9885066871427111,0.0415029234160835,0.0648961854176726,0.0433,0.0693999793452442,0.9964058468321672,0.9909924121448568,0.3788944723618091,0.3085714285714285,0.0722706795744273,0.0730082085948817,0.24221105527638176,0.3828571428571429,04-gpt2,0.0317,0.33067973478882345,0.6612969987264894,0.24698318560625815,0.42620716561303645
NF-UNSW-NB15,step-6500,NF-UNSW-NB15,0,0.1532069651438878,0.003076630916436,0.1047708518016458,0.1217228272505066,0.0642632230076607,0.5695,0.5849173553719008,0.5573,0.47076446280991735,0.0415029234160835,0.0588809235533847,0.0433,0.0621900826446281,0.9964058468321672,0.9901453637496359,0.0415029234160835,0.057265290222049,0.0433,0.0607438016528925,0.9964058468321672,0.9930429771383131,0.3337195828505214,0.3047091412742382,0.0552094316112335,0.0642773665757693,0.3325608342989571,0.3905817174515236,04-gpt2,0.032,0.3283057106731899,0.6758775123289664,0.23597198042987294,0.4120423367839636
NF-UNSW-NB15,step-7000,NF-UNSW-NB15,0,0.1721713915745699,0.0057492166188521,0.1994658058399735,0.1686618237153241,0.0679916406451244,0.5999,0.5912137774569455,0.5482,0.48406723728988343,0.041611416890658,0.0695570212302235,0.0434,0.0745591420026812,0.9962055232036237,0.9885759238370312,0.0415029234160835,0.068849625504129,0.0433,0.0739403939362689,0.9964058468321672,0.9898184631357203,0.3375870069605568,0.2981132075471698,0.0557845298571839,0.0758594200115229,0.32482598607888635,0.4037735849056603,04-gpt2,0.0303,0.3539589595652276,0.6757007611418698,0.22183062398824283,0.41144774720149385
NF-UNSW-NB15,step-7500,NF-UNSW-NB15,0,0.1585643171562337,0.0041766215429914,0.1085308082986342,0.1313493701490631,0.0658606923678791,0.5663,0.5848260242948322,0.5606,0.47467572575663985,0.0415029234160835,0.0637743372421462,0.0433,0.0677372863907762,0.9964058468321672,0.989048263435162,0.0415029234160835,0.0622646973646104,0.0433,0.0663990117356392,0.9964058468321672,0.9917313712579424,0.3635405690200211,0.3187552565180824,0.0661362982842902,0.0731730862052321,0.27291886195995774,0.3624894869638352,04-gpt2,0.0286,0.3313383672529103,0.6625142396116045,0.23376958474636222,0.4245825936335885
NF-UNSW-NB15,step-8000,NF-UNSW-NB15,0,0.1612518659643892,0.004748426266855,0.1130227978259505,0.1420690342721366,0.0676581562916197,0.5786,0.6047682663652245,0.5287999999999999,0.49419381358544856,0.0415029234160835,0.0697379723683658,0.0433,0.0746069263179529,0.9964058468321672,0.9876728042445927,0.0415029234160835,0.0684472525368562,0.0433,0.0734765183434384,0.9964058468321672,0.9899414683868355,0.3570658036677454,0.3266717909300538,0.0634525064698552,0.0813708596591996,0.28586839266450925,0.34665641813989245,04-gpt2,0.0269,0.3362954917880961,0.6614072538714522,0.2339596646340532,0.4245642931533181
NF-UNSW-NB15,step-8500,NF-UNSW-NB15,0,0.1495898905569637,0.0039771712622009,0.1300784707386726,0.0980495313166457,0.0669458821079082,0.5760000000000001,0.6017726476347522,0.5327,0.4874780995568381,0.0415029234160835,0.0651387365109153,0.0433,0.06925693084613,0.9964058468321672,0.9884937105223854,0.0415029234160835,0.0635073834571952,0.0433,0.067814078120169,0.9964058468321672,0.9913866106740525,0.3298122065727699,0.3172468354430379,0.0538675357040161,0.0774056558247273,0.3403755868544601,0.3655063291139241,04-gpt2,0.0297,0.3303268152389726,0.6726105615470225,0.23778053317252854,0.41414856130487854
NF-UNSW-NB15,step-9000,NF-UNSW-NB15,0,0.1617677360116629,0.0051296825677089,0.0809465335598911,0.153229928616173,0.0688116213815049,0.5667,0.6054913294797688,0.5268999999999999,0.49514863748967797,0.0415029234160835,0.0733066448988327,0.0433,0.078860445912469,0.9964058468321672,0.9872223810817843,0.0415029234160835,0.072474868358066,0.0433,0.0781379025598678,0.9964058468321672,0.9886739315963964,0.3879222108495394,0.3145336225596529,0.0726540784050608,0.0832934418382001,0.22415557830092103,0.3709327548806942,04-gpt2,0.0312,0.3323744733173348,0.6564280485034472,0.2353470662507448,0.4301664770415855
NF-UNSW-NB15,step-9500,NF-UNSW-NB15,0,0.1603623819404089,0.0050773988866475,0.1124389018234214,0.1317735679760023,0.0700871844845064,0.5988,0.6068111455108359,0.5235000000000001,0.49607843137254903,0.0415029234160835,0.0739452293717675,0.0433,0.0794633642930856,0.9964058468321672,0.9863411323622054,0.0415029234160835,0.072638530002871,0.0433,0.078328173374613,0.9964058468321672,0.9886207132565162,0.3597046413502109,0.3430555555555555,0.065369500623023,0.0945545028232366,0.2805907172995781,0.3138888888888889,04-gpt2,0.031,0.33748145163846555,0.6561790207816461,0.23797134029726122,0.42819602233807785
