,ds_1,sample_1,ds_2,sample_2,model,Data Dissimilarity Score,Domain Dissimilarity Score,Data Dissimilarity Score_std,Domain Dissimilarity Score_std
0,NF-CSE-CIC-IDS2018,500,NF-CSE-CIC-IDS2018,0,04-gpt2,0.4693177211650429,0.8494032900280704,0.2572692510258835,0.36159183633635383
1,NF-CSE-CIC-IDS2018,10000,NF-CSE-CIC-IDS2018,0,04-gpt2,0.45979399785924213,0.8165664326250388,0.29305743519916005,0.36120366945373983
2,NF-CSE-CIC-IDS2018,1000,NF-CSE-CIC-IDS2018,0,04-gpt2,0.46045351597487827,0.8416272369674319,0.27457050185825044,0.3637460565424689
3,NF-CSE-CIC-IDS2018,1500,NF-CSE-CIC-IDS2018,0,04-gpt2,0.46939440567105495,0.846797786144611,0.2644456914839435,0.36898684688118394
4,NF-CSE-CIC-IDS2018,2000,NF-CSE-CIC-IDS2018,0,04-gpt2,0.4744231797397439,0.8452011931963795,0.26942802144666633,0.36877994783344703
5,NF-CSE-CIC-IDS2018,2500,NF-CSE-CIC-IDS2018,0,04-gpt2,0.46267574003239076,0.8419890209481606,0.3000826220816632,0.36899089109270683
6,NF-CSE-CIC-IDS2018,3000,NF-CSE-CIC-IDS2018,0,04-gpt2,0.4493080910681959,0.8471047580223796,0.29824321022264805,0.37147274638657407
7,NF-CSE-CIC-IDS2018,3500,NF-CSE-CIC-IDS2018,0,04-gpt2,0.450481342438021,0.8426516881335825,0.2868989070883012,0.36921806976528976
8,NF-CSE-CIC-IDS2018,4000,NF-CSE-CIC-IDS2018,0,04-gpt2,0.46335621318581677,0.8352629066011364,0.28500318248393286,0.3656633036783997
9,NF-CSE-CIC-IDS2018,4500,NF-CSE-CIC-IDS2018,0,04-gpt2,0.4757876642720526,0.8211410598026053,0.2778562386758501,0.3622644238464588
10,NF-CSE-CIC-IDS2018,5000,NF-CSE-CIC-IDS2018,0,04-gpt2,0.46907332861802553,0.8385947367107719,0.2799346532430248,0.36837106573860634
11,NF-CSE-CIC-IDS2018,5500,NF-CSE-CIC-IDS2018,0,04-gpt2,0.47057219603206246,0.8345954111125213,0.2800951823432307,0.36741107983635524
12,NF-CSE-CIC-IDS2018,6000,NF-CSE-CIC-IDS2018,0,04-gpt2,0.46782091318947716,0.8313051628868725,0.2762908579320674,0.3653763110607333
13,NF-CSE-CIC-IDS2018,6500,NF-CSE-CIC-IDS2018,0,04-gpt2,0.46989846640647537,0.8253876291610025,0.2806764060461692,0.3644971142885441
14,NF-CSE-CIC-IDS2018,7000,NF-CSE-CIC-IDS2018,0,04-gpt2,0.4439623411173033,0.8336325999635334,0.3039377900937822,0.3668480629372092
15,NF-CSE-CIC-IDS2018,7500,NF-CSE-CIC-IDS2018,0,04-gpt2,0.46997986442280537,0.8249961422615817,0.280824170636785,0.3630361395881007
16,NF-CSE-CIC-IDS2018,8000,NF-CSE-CIC-IDS2018,0,04-gpt2,0.4634202550457739,0.827184489688704,0.277780204169394,0.36460409419628825
17,NF-CSE-CIC-IDS2018,8500,NF-CSE-CIC-IDS2018,0,04-gpt2,0.45664927735620875,0.8211563173060145,0.2867002595792431,0.3628586128303277
18,NF-CSE-CIC-IDS2018,9000,NF-CSE-CIC-IDS2018,0,04-gpt2,0.46669894010624147,0.8220911526769843,0.27872026305509523,0.3624969260414381
19,NF-CSE-CIC-IDS2018,9500,NF-CSE-CIC-IDS2018,0,04-gpt2,0.45345385589961185,0.8180888269642589,0.29551914150040187,0.36151232213496476
20,NF-ToN-IoT,500,NF-ToN-IoT,0,04-gpt2,0.3627454445551573,0.36235970932562067,0.1814972844117207,0.286950029447878
21,NF-ToN-IoT,10000,NF-ToN-IoT,0,04-gpt2,0.2996203465062889,0.40221789919706513,0.21530675065967605,0.33582607744045384
22,NF-ToN-IoT,1000,NF-ToN-IoT,0,04-gpt2,0.35040664938646204,0.36566939811233506,0.1892567301199919,0.26821574963848677
23,NF-ToN-IoT,1500,NF-ToN-IoT,0,04-gpt2,0.3627774782922187,0.337649107489633,0.19621150661601436,0.27762662512693814
24,NF-ToN-IoT,2000,NF-ToN-IoT,0,04-gpt2,0.34604359982616595,0.43568044700780295,0.19516203935831458,0.341920202852227
25,NF-ToN-IoT,2500,NF-ToN-IoT,0,04-gpt2,0.32555911942614046,0.33595918681290143,0.20146975445149706,0.2867715552252788
26,NF-ToN-IoT,3000,NF-ToN-IoT,0,04-gpt2,0.3211919557090235,0.3889905473541336,0.2056253715889826,0.30425405366129216
27,NF-ToN-IoT,3500,NF-ToN-IoT,0,04-gpt2,0.3168496192284016,0.33939830213936734,0.20539600407863898,0.287037220368765
28,NF-ToN-IoT,4000,NF-ToN-IoT,0,04-gpt2,0.310730604500733,0.38749536450126926,0.20926959661702882,0.3006814673880015
29,NF-ToN-IoT,4500,NF-ToN-IoT,0,04-gpt2,0.3245044892387612,0.330245608529294,0.20506779638451184,0.29205438430789643
30,NF-ToN-IoT,5000,NF-ToN-IoT,0,04-gpt2,0.312072316049825,0.3826931545248163,0.21316809849765547,0.3012184251284864
31,NF-ToN-IoT,5500,NF-ToN-IoT,0,04-gpt2,0.31920702594711065,0.38672308849378917,0.20640777499179863,0.2954220344255987
32,NF-ToN-IoT,6000,NF-ToN-IoT,0,04-gpt2,0.3201494963386631,0.38033027201247677,0.21000695301394495,0.3071014750921428
33,NF-ToN-IoT,6500,NF-ToN-IoT,0,04-gpt2,0.3298514719214921,0.4171714013373157,0.19639129400075714,0.3631298830637922
34,NF-ToN-IoT,7000,NF-ToN-IoT,0,04-gpt2,0.3223332496690324,0.3528639070521465,0.2090003914633025,0.27815512302258444
35,NF-ToN-IoT,7500,NF-ToN-IoT,0,04-gpt2,0.3200720412439891,0.33865505315294986,0.19951326476076914,0.2963303597760929
36,NF-ToN-IoT,8000,NF-ToN-IoT,0,04-gpt2,0.3348478472350729,0.33342916324726046,0.20401876989168352,0.29353422262532114
37,NF-ToN-IoT,8500,NF-ToN-IoT,0,04-gpt2,0.30264199851688417,0.330148720409232,0.21466057335174285,0.29567049989962796
38,NF-ToN-IoT,9000,NF-ToN-IoT,0,04-gpt2,0.33635869281663655,0.3931381641028996,0.19350419618774592,0.3176987610516314
39,NF-ToN-IoT,9500,NF-ToN-IoT,0,04-gpt2,0.3141100662155933,0.3843009509002099,0.20986884486859603,0.32413750764822113
40,NF-UNSW-NB15,500,NF-UNSW-NB15,0,04-gpt2,0.3561907960806324,0.6746671419942377,0.23331472714497276,0.4081003649284594
41,NF-UNSW-NB15,10000,NF-UNSW-NB15,0,04-gpt2,0.3349434654817254,0.6611373536972632,0.23651936820763794,0.42471047021909364
42,NF-UNSW-NB15,1000,NF-UNSW-NB15,0,04-gpt2,0.3393322287619299,0.668789153922301,0.23253479007880987,0.41852952004076943
43,NF-UNSW-NB15,1500,NF-UNSW-NB15,0,04-gpt2,0.3370249448181005,0.6727009151132665,0.22103725001852192,0.4141594134802721
44,NF-UNSW-NB15,2000,NF-UNSW-NB15,0,04-gpt2,0.3242981213520158,0.6675313715955304,0.23676839906810973,0.41907252451596533
45,NF-UNSW-NB15,2500,NF-UNSW-NB15,0,04-gpt2,0.33251300929101846,0.6669612332172051,0.22266708288557457,0.4211964273472977
46,NF-UNSW-NB15,3000,NF-UNSW-NB15,0,04-gpt2,0.3348858040502629,0.6698712349981231,0.23698016637064734,0.4216645683499838
47,NF-UNSW-NB15,3500,NF-UNSW-NB15,0,04-gpt2,0.32733175557596317,0.6833154028093105,0.24085736229160631,0.40734244339140085
48,NF-UNSW-NB15,4000,NF-UNSW-NB15,0,04-gpt2,0.32293057236119405,0.6708691382729829,0.23910935135535943,0.4180915054250075
49,NF-UNSW-NB15,4500,NF-UNSW-NB15,0,04-gpt2,0.342877687564617,0.6761587898279707,0.22399433766851665,0.4154276506291116
50,NF-UNSW-NB15,5000,NF-UNSW-NB15,0,04-gpt2,0.3363310072250482,0.6609699920615429,0.24220257910704251,0.4273917321249469
51,NF-UNSW-NB15,5500,NF-UNSW-NB15,0,04-gpt2,0.32491434578620504,0.6632173000186625,0.2367502560582009,0.42584599357378056
52,NF-UNSW-NB15,6000,NF-UNSW-NB15,0,04-gpt2,0.33067973478882345,0.6612969987264894,0.24698318560625815,0.42620716561303645
53,NF-UNSW-NB15,6500,NF-UNSW-NB15,0,04-gpt2,0.3283057106731899,0.6758775123289664,0.23597198042987294,0.4120423367839636
54,NF-UNSW-NB15,7000,NF-UNSW-NB15,0,04-gpt2,0.3539589595652276,0.6757007611418698,0.22183062398824283,0.41144774720149385
55,NF-UNSW-NB15,7500,NF-UNSW-NB15,0,04-gpt2,0.3313383672529103,0.6625142396116045,0.23376958474636222,0.4245825936335885
56,NF-UNSW-NB15,8000,NF-UNSW-NB15,0,04-gpt2,0.3362954917880961,0.6614072538714522,0.2339596646340532,0.4245642931533181
57,NF-UNSW-NB15,8500,NF-UNSW-NB15,0,04-gpt2,0.3303268152389726,0.6726105615470225,0.23778053317252854,0.41414856130487854
58,NF-UNSW-NB15,9000,NF-UNSW-NB15,0,04-gpt2,0.3323744733173348,0.6564280485034472,0.2353470662507448,0.4301664770415855
59,NF-UNSW-NB15,9500,NF-UNSW-NB15,0,04-gpt2,0.33748145163846555,0.6561790207816461,0.23797134029726122,0.42819602233807785
60,NF-CSE-CIC-IDS2018,500,NF-CSE-CIC-IDS2018,0,04-wganbin,0.4140129150335566,0.8498201590827994,0.39801958969589,0.3749212834966671
61,NF-CSE-CIC-IDS2018,10000,NF-CSE-CIC-IDS2018,0,04-wganbin,0.5375854957010409,0.8269285887474125,0.2668328228540397,0.32674490831320124
62,NF-CSE-CIC-IDS2018,1000,NF-CSE-CIC-IDS2018,0,04-wganbin,0.5298753983596394,0.8495207125479664,0.3026921536025637,0.3747385619642382
63,NF-CSE-CIC-IDS2018,1500,NF-CSE-CIC-IDS2018,0,04-wganbin,0.5638107263032319,0.7316805503342707,0.2863916774022465,0.3795299704449573
64,NF-CSE-CIC-IDS2018,2000,NF-CSE-CIC-IDS2018,0,04-wganbin,0.5436592683093975,0.8478356232666451,0.31382047024456217,0.3737711578806043
65,NF-CSE-CIC-IDS2018,2500,NF-CSE-CIC-IDS2018,0,04-wganbin,0.47499981799977653,0.8401668799474562,0.2729176616654111,0.34139749571891365
66,NF-CSE-CIC-IDS2018,3000,NF-CSE-CIC-IDS2018,0,04-wganbin,0.5419157852378996,0.8322604418933838,0.2927580820315774,0.36310736872488797
67,NF-CSE-CIC-IDS2018,3500,NF-CSE-CIC-IDS2018,0,04-wganbin,0.578876444216984,0.8466506587927235,0.3462734214946987,0.37349560155709616
68,NF-CSE-CIC-IDS2018,4000,NF-CSE-CIC-IDS2018,0,04-wganbin,0.5927442948917301,0.7745950514937308,0.3379898798894613,0.3584439762724675
69,NF-CSE-CIC-IDS2018,4500,NF-CSE-CIC-IDS2018,0,04-wganbin,0.5248571419658054,0.7904653279237456,0.2699999452486609,0.33875727966409547
70,NF-CSE-CIC-IDS2018,5000,NF-CSE-CIC-IDS2018,0,04-wganbin,0.4599721303240074,0.8298785325611792,0.28555983948271313,0.36211724252316596
71,NF-CSE-CIC-IDS2018,5500,NF-CSE-CIC-IDS2018,0,04-wganbin,0.531902168556968,0.8513546680499516,0.3045494706996301,0.3569309673269042
72,NF-CSE-CIC-IDS2018,6000,NF-CSE-CIC-IDS2018,0,04-wganbin,0.494847006903469,0.8294652455278149,0.2723367325015471,0.3137114851098364
73,NF-CSE-CIC-IDS2018,6500,NF-CSE-CIC-IDS2018,0,04-wganbin,0.5013517688301123,0.7999484074693372,0.2678410455455521,0.35285140618919963
74,NF-CSE-CIC-IDS2018,7000,NF-CSE-CIC-IDS2018,0,04-wganbin,0.5295816971300914,0.8527351989217288,0.26854318709191266,0.3513738800978929
75,NF-CSE-CIC-IDS2018,8000,NF-CSE-CIC-IDS2018,0,04-wganbin,0.5884901956693449,0.5413389047394547,0.36216130320629103,0.3462293405744702
76,NF-CSE-CIC-IDS2018,8500,NF-CSE-CIC-IDS2018,0,04-wganbin,0.5183754340164696,0.844883684639366,0.2688304214905163,0.36273984030908674
77,NF-CSE-CIC-IDS2018,9000,NF-CSE-CIC-IDS2018,0,04-wganbin,0.5751290426310931,0.84739773004814,0.2747366294766314,0.34297517835630653
78,NF-CSE-CIC-IDS2018,9500,NF-CSE-CIC-IDS2018,0,04-wganbin,0.5691780118131151,0.844336701959979,0.2888001693700652,0.36488164667607403
79,NF-ToN-IoT,10000,NF-ToN-IoT,0,04-wganbin,0.4914469960002349,0.4060476524544124,0.3522963127627329,0.27752763508106465
80,NF-ToN-IoT,1000,NF-ToN-IoT,0,04-wganbin,0.41300692376512055,0.3292541487497683,0.3726013037815948,0.44185656347844887
81,NF-ToN-IoT,1500,NF-ToN-IoT,0,04-wganbin,0.41474156680081836,0.2536779985711456,0.3714777699498461,0.3463578957477425
82,NF-ToN-IoT,2000,NF-ToN-IoT,0,04-wganbin,0.5068610159446094,0.3280536716460709,0.3402744699075194,0.24203647701773845
83,NF-ToN-IoT,2500,NF-ToN-IoT,0,04-wganbin,0.5842337342078872,0.39854149880894835,0.33161743989715153,0.3254890895603583
84,NF-ToN-IoT,3000,NF-ToN-IoT,0,04-wganbin,0.4280612250538322,0.19962779213527318,0.29919291681177934,0.27149599900571425
85,NF-ToN-IoT,3500,NF-ToN-IoT,0,04-wganbin,0.47682541843548226,0.2798484234277225,0.31795757760130244,0.3326178850807901
86,NF-ToN-IoT,4000,NF-ToN-IoT,0,04-wganbin,0.4604878540153088,0.37712077499862834,0.30893130626133336,0.3215784357179351
87,NF-ToN-IoT,4500,NF-ToN-IoT,0,04-wganbin,0.5593913506297356,0.4868270530590085,0.299216452669166,0.3452199670437327
88,NF-ToN-IoT,5000,NF-ToN-IoT,0,04-wganbin,0.45207480437957237,0.24095588490441533,0.2598702430146506,0.30819412778460603
89,NF-ToN-IoT,5500,NF-ToN-IoT,0,04-wganbin,0.43765934424822384,0.26950460046089536,0.2574866556721101,0.31030175780972447
90,NF-ToN-IoT,6000,NF-ToN-IoT,0,04-wganbin,0.47195294999999854,0.356026163129103,0.28267613033215033,0.2998499722532702
91,NF-ToN-IoT,6500,NF-ToN-IoT,0,04-wganbin,0.4889529880815585,0.34693723815435723,0.20977234781940912,0.3050580717661474
92,NF-ToN-IoT,7000,NF-ToN-IoT,0,04-wganbin,0.4184570579469682,0.24492529361097798,0.2672753679562585,0.3140347498880393
93,NF-ToN-IoT,7500,NF-ToN-IoT,0,04-wganbin,0.4470752939059778,0.284995814804119,0.3187125705356512,0.30471337788132524
94,NF-ToN-IoT,8000,NF-ToN-IoT,0,04-wganbin,0.47841413811250344,0.35343355169227786,0.324222280450276,0.2897019658137757
95,NF-ToN-IoT,8500,NF-ToN-IoT,0,04-wganbin,0.4403772136159161,0.292797503312122,0.29853762837657627,0.19788119800433904
96,NF-ToN-IoT,9000,NF-ToN-IoT,0,04-wganbin,0.37384287393801585,0.27114168926165794,0.29695009786008625,0.3347354764640178
97,NF-ToN-IoT,9500,NF-ToN-IoT,0,04-wganbin,0.4361777108336687,0.30955228818453817,0.3398091597397027,0.28328847805510404
98,NF-UNSW-NB15,500,NF-UNSW-NB15,0,04-wganbin,0.6813190342781292,0.856115956237762,0.35019789329712236,0.3775154543256855
99,NF-UNSW-NB15,10000,NF-UNSW-NB15,0,04-wganbin,0.45407455928792734,0.6744750154073446,0.29211525219988305,0.41472220614175814
100,NF-UNSW-NB15,1000,NF-UNSW-NB15,0,04-wganbin,0.6385940613205792,0.8538202656175005,0.3424480141966877,0.37654226682644687
101,NF-UNSW-NB15,1500,NF-UNSW-NB15,0,04-wganbin,0.5775699730054017,0.856115956237762,0.32589418736860437,0.3775154543256855
102,NF-UNSW-NB15,2000,NF-UNSW-NB15,0,04-wganbin,0.6280500829212692,0.8560588248069053,0.3289803870387206,0.37749007986926464
103,NF-UNSW-NB15,2500,NF-UNSW-NB15,0,04-wganbin,0.5348622556363171,0.8558305273809046,0.32033579157050174,0.377389270744655
104,NF-UNSW-NB15,3000,NF-UNSW-NB15,0,04-wganbin,0.5497128153504066,0.8586304620911289,0.30045918645489195,0.3687046372176622
105,NF-UNSW-NB15,3500,NF-UNSW-NB15,0,04-wganbin,0.5096353356630502,0.8112481861500108,0.25106977554460763,0.3699281812449331
106,NF-UNSW-NB15,4000,NF-UNSW-NB15,0,04-wganbin,0.5586699155539584,0.831985560483843,0.3111958958284011,0.340817914414757
107,NF-UNSW-NB15,4500,NF-UNSW-NB15,0,04-wganbin,0.5837446067184632,0.8280057937576226,0.3227762856283013,0.3634315581588008
108,NF-UNSW-NB15,5000,NF-UNSW-NB15,0,04-wganbin,0.5275420071156474,0.6953722302226909,0.28841217583878587,0.4132055062311376
109,NF-UNSW-NB15,5500,NF-UNSW-NB15,0,04-wganbin,0.5794792132026332,0.7745421843000048,0.3189177296832463,0.3630228868271646
110,NF-UNSW-NB15,6000,NF-UNSW-NB15,0,04-wganbin,0.5282377094408525,0.65970428531986,0.289944141789688,0.4321353567862413
111,NF-UNSW-NB15,6500,NF-UNSW-NB15,0,04-wganbin,0.49980499388860344,0.6501721614274721,0.29268648852528384,0.4406516092861779
112,NF-UNSW-NB15,7000,NF-UNSW-NB15,0,04-wganbin,0.49325513372534097,0.7916392877949588,0.2866955055419972,0.36317576728743367
113,NF-UNSW-NB15,7500,NF-UNSW-NB15,0,04-wganbin,0.5243816520081637,0.6257764153325241,0.31548235709489314,0.4640879168174787
114,NF-UNSW-NB15,8000,NF-UNSW-NB15,0,04-wganbin,0.5244623190105293,0.6921293207244651,0.3269527339489907,0.4126052029155252
115,NF-UNSW-NB15,8500,NF-UNSW-NB15,0,04-wganbin,0.48039177241670233,0.7584521311965479,0.30650955685720366,0.3808487408710835
116,NF-UNSW-NB15,9000,NF-UNSW-NB15,0,04-wganbin,0.46927064830512266,0.7528960822381967,0.28499274003746045,0.371204058775105
117,NF-UNSW-NB15,9500,NF-UNSW-NB15,0,04-wganbin,0.49756447809363463,0.7944541847981751,0.35653506769921983,0.3792093688111955
